[
    {
        "number": 1,
        "description": "**Kindness only** - bullying or toxicity will not be tolerated and will ensue fair punishment.",
        "severity": "Medium",
        "punishment": "Warning or Mute"
    },
    {
        "number": 2,
        "description": "**Use common sense** when you speak.",
        "severity": "Low",
        "punishment": "Warning"
    },
    {
        "number": 3,
        "description": "**Swearing is allowed** as long as it's **not** a slur or **targetted** at anyone.",
        "severity": "High",
        "punishment": "Timeout → Temporary Ban → Permanent Timeout (Only if you are targetting someone) do these apply"
    },
    {
        "number": 4,
        "description": "**No slurs** - slur's no matter what will lead to a time out and if a continued offense is shown you will be banned.",
        "severity": "HEAVY",
        "punishment": "Immediate Ban"
    },
    {
        "number": 5,
        "description": "**Follow Discord's TOS**: https://discord.com/terms",
        "severity": "High",
        "punishment": "Temporary Ban → Permanent Ban"
    },
    {
        "number": 6,
        "description": "**No slur baiting**",
        "severity": "High",
        "punishment": "Temporary Ban → Permanent Ban"
    },
    {
        "number": 7,
        "description": "**Do not spam ping or mass ping others**",
        "severity": "High",
        "punishment": "Warning → Mute → Temporary Ban"
    },
    {
        "number": 8,
        "description": "**Always listen to moderators** when they say for you to do something.",
        "severity": "Medium",
        "punishment": "Timeout → Temporary Ban"
    },
    {
        "number": 9,
        "description": "**@Discord Support (PING FOR HELP) and @Game Support (PING FOR HELP)** are not to be used for jokes, these are meant to be used for serious things or for tickets.",
        "severity": "High",
        "punishment": "Timeout → Temporary Ban"
    },
    {
        "number": 10,
        "description": "**No spam or excessive messages** - Avoid sending repetitive messages, excessive emojis, or flooding channels with unnecessary content.",
        "severity": "Medium",
        "punishment": "Warning → Mute → Temporary Ban"
    },
    {
        "number": 11,
        "description": "**No NSFW content** - This server is meant to be appropriate for all ages. No sexual, violent, or otherwise inappropriate content.",
        "severity": "Medium",
        "punishment": "Warning → Mute → Temporary Ban"
    },
    {
        "number": 12,
        "description": "**No advertising or self-promotion** - Don't advertise other Discord servers, social media, or personal projects without permission from moderators.",
        "severity": "Medium",
        "punishment": "Warning → Mute → Temporary Ban"
    },
    {
        "number": 13,
        "description": "**No ban evasion** - Creating alternate accounts to bypass bans will result in all accounts being permanently banned.",
        "severity": "HEAVY",
        "punishment": "Permanent Ban"
    },
    {
        "number": 14,
        "description": "**No DM harassment** - Any bullying, illegal, or anything of the such used in dms to others in this server can result in you losing roles like Deercord Moderator, Deer Moderator, CC, Crafter.",
        "severity": "Medium",
        "punishment": "Warning → Mute → Temporary Ban"
    },
    {
        "number": 15,
        "description": "**No doxxing or sharing personal information** - Never share someone else's personal information without their consent. This includes real names, addresses, phone numbers, etc.",
        "severity": "HEAVY",
        "punishment": "Permanent Ban"
    },
    {
        "number": 16,
        "description": "**Use appropriate usernames and avatars** - Your username and profile picture should be appropriate and not offensive or misleading.",
        "severity": "Medium",
        "punishment": "Warning → Temporary Ban"
    }
]
